{"name":"gbpjpy",
    "bestBid":150.9557640712309,
    "bestAsk":158.39941866511808,
    "openBid":151.22827132623534,
    "openAsk":109.78172867376465,
    "lastChangeAsk":-5.586156495730023,
    "lastChangeBid":-8.215539559531663}
